block_number,timestamp_unix,timestamp_utc,base_fee_per_gas_wei,gas_used,gas_limit,gas_used_ratio
10063080,1706915507,2024-02-02T23:11:47+00:00,276,876728,30000000,0.029224266666666665
10063230,1706915807,2024-02-02T23:16:47+00:00,277,1822261,30000000,0.060742033333333334
10063380,1706916107,2024-02-02T23:21:47+00:00,272,909131,30000000,0.030304366666666666
10063530,1706916407,2024-02-02T23:26:47+00:00,275,952319,30000000,0.031743966666666665
10063680,1706916707,2024-02-02T23:31:47+00:00,276,639358,30000000,0.021311933333333335
10063830,1706917007,2024-02-02T23:36:47+00:00,274,838508,30000000,0.027950266666666668
10063980,1706917307,2024-02-02T23:41:47+00:00,274,2536283,30000000,0.08454276666666667
10064130,1706917607,2024-02-02T23:46:47+00:00,272,92517,30000000,0.0030839
10064280,1706917907,2024-02-02T23:51:47+00:00,271,2351879,30000000,0.07839596666666666
10064430,1706918207,2024-02-02T23:56:47+00:00,279,1117225,30000000,0.037240833333333334
10064580,1706918507,2024-02-03T00:01:47+00:00,279,1059415,30000000,0.035313833333333336
10064730,1706918807,2024-02-03T00:06:47+00:00,270,818783,30000000,0.027292766666666666
10064880,1706919107,2024-02-03T00:11:47+00:00,269,589824,30000000,0.0196608
10065030,1706919407,2024-02-03T00:16:47+00:00,273,2469356,30000000,0.08231186666666666
10065180,1706919707,2024-02-03T00:21:47+00:00,294,2337658,30000000,0.07792193333333333
10065330,1706920007,2024-02-03T00:26:47+00:00,278,574349,30000000,0.019144966666666666
10065480,1706920307,2024-02-03T00:31:47+00:00,290,893618,30000000,0.029787266666666666
10065630,1706920607,2024-02-03T00:36:47+00:00,278,1593812,30000000,0.05312706666666667
10065780,1706920907,2024-02-03T00:41:47+00:00,275,1334253,30000000,0.0444751
10065930,1706921207,2024-02-03T00:46:47+00:00,270,339731,30000000,0.011324366666666667
10066080,1706921507,2024-02-03T00:51:47+00:00,265,2309641,30000000,0.07698803333333333
10066230,1706921807,2024-02-03T00:56:47+00:00,266,2707776,30000000,0.0902592
10066380,1706922107,2024-02-03T01:01:47+00:00,264,697476,30000000,0.0232492
10066530,1706922407,2024-02-03T01:06:47+00:00,261,1098798,30000000,0.0366266
10066680,1706922707,2024-02-03T01:11:47+00:00,259,1190576,30000000,0.039685866666666667
10066830,1706923007,2024-02-03T01:16:47+00:00,265,648125,30000000,0.021604166666666667
10066980,1706923307,2024-02-03T01:21:47+00:00,267,1128203,30000000,0.037606766666666666
10067130,1706923607,2024-02-03T01:26:47+00:00,278,669988,30000000,0.022332933333333332
10067280,1706923907,2024-02-03T01:31:47+00:00,265,1313798,30000000,0.043793266666666664
10067430,1706924207,2024-02-03T01:36:47+00:00,265,662681,30000000,0.022089366666666665
10067580,1706924507,2024-02-03T01:41:47+00:00,269,1705790,30000000,0.05685966666666667
10067730,1706924807,2024-02-03T01:46:47+00:00,271,447333,30000000,0.0149111
10067880,1706925107,2024-02-03T01:51:47+00:00,269,1919790,30000000,0.063993
10068030,1706925407,2024-02-03T01:56:47+00:00,261,1515576,30000000,0.0505192
10068180,1706925707,2024-02-03T02:01:47+00:00,264,1220469,30000000,0.0406823
10068330,1706926007,2024-02-03T02:06:47+00:00,272,2019902,30000000,0.06733006666666666
10068480,1706926307,2024-02-03T02:11:47+00:00,262,325918,30000000,0.010863933333333334
10068630,1706926607,2024-02-03T02:16:47+00:00,265,379290,30000000,0.012643
10068780,1706926907,2024-02-03T02:21:47+00:00,269,1476251,30000000,0.04920836666666667
10068930,1706927207,2024-02-03T02:26:47+00:00,264,427456,30000000,0.014248533333333334
10069080,1706927507,2024-02-03T02:31:47+00:00,268,873833,30000000,0.029127766666666666
10069230,1706927807,2024-02-03T02:36:47+00:00,266,635875,30000000,0.021195833333333334
10069380,1706928107,2024-02-03T02:41:47+00:00,260,1054139,30000000,0.035137966666666666
10069530,1706928407,2024-02-03T02:46:47+00:00,259,2413696,30000000,0.08045653333333333
10069680,1706928707,2024-02-03T02:51:47+00:00,259,17258324,30000000,0.5752774666666667
10069830,1706929007,2024-02-03T02:56:47+00:00,261,826594,30000000,0.027553133333333334
10069980,1706929307,2024-02-03T03:01:47+00:00,266,912730,30000000,0.030424333333333334
10070130,1706929607,2024-02-03T03:06:47+00:00,281,998314,30000000,0.033277133333333334
10070280,1706929907,2024-02-03T03:11:47+00:00,285,771912,30000000,0.0257304
10070430,1706930207,2024-02-03T03:16:47+00:00,270,855428,30000000,0.028514266666666666
10070580,1706930507,2024-02-03T03:21:47+00:00,265,730387,30000000,0.024346233333333335
10070730,1706930807,2024-02-03T03:26:47+00:00,269,1830256,30000000,0.06100853333333333
10070880,1706931107,2024-02-03T03:31:47+00:00,270,204297,30000000,0.0068099
10071030,1706931407,2024-02-03T03:36:47+00:00,267,678327,30000000,0.0226109
10071180,1706931707,2024-02-03T03:41:47+00:00,267,1353835,30000000,0.04512783333333333
10071330,1706932007,2024-02-03T03:46:47+00:00,275,954016,30000000,0.03180053333333333
10071480,1706932307,2024-02-03T03:51:47+00:00,270,3302060,30000000,0.11006866666666666
10071630,1706932607,2024-02-03T03:56:47+00:00,273,92315,30000000,0.003077166666666667
10071780,1706932907,2024-02-03T04:01:47+00:00,279,1071389,30000000,0.035712966666666665
10071930,1706933207,2024-02-03T04:06:47+00:00,284,821132,30000000,0.027371066666666666
10072080,1706933507,2024-02-03T04:11:47+00:00,282,1154457,30000000,0.0384819
10072230,1706933807,2024-02-03T04:16:47+00:00,282,1163103,30000000,0.0387701
10072380,1706934107,2024-02-03T04:21:47+00:00,282,1414703,30000000,0.04715676666666667
10072530,1706934407,2024-02-03T04:26:47+00:00,277,2015643,30000000,0.0671881
10072680,1706934707,2024-02-03T04:31:47+00:00,267,756133,30000000,0.025204433333333335
10072830,1706935007,2024-02-03T04:36:47+00:00,271,1433320,30000000,0.04777733333333333
10072980,1706935307,2024-02-03T04:41:47+00:00,269,276784,30000000,0.009226133333333334
10073130,1706935607,2024-02-03T04:46:47+00:00,270,2910552,30000000,0.0970184
10073280,1706935907,2024-02-03T04:51:47+00:00,275,1219210,30000000,0.040640333333333334
10073430,1706936207,2024-02-03T04:56:47+00:00,269,837065,30000000,0.027902166666666665
10073580,1706936507,2024-02-03T05:01:47+00:00,270,1356891,30000000,0.0452297
10073730,1706936807,2024-02-03T05:06:47+00:00,270,1026103,30000000,0.03420343333333333
10073880,1706937107,2024-02-03T05:11:47+00:00,277,353827,30000000,0.011794233333333333
10074030,1706937407,2024-02-03T05:16:47+00:00,275,2412951,30000000,0.0804317
10074180,1706937707,2024-02-03T05:21:47+00:00,273,1193431,30000000,0.039781033333333334
10074330,1706938007,2024-02-03T05:26:47+00:00,270,441615,30000000,0.0147205
10074480,1706938307,2024-02-03T05:31:47+00:00,279,1019246,30000000,0.033974866666666666
10074630,1706938607,2024-02-03T05:36:47+00:00,281,5886058,30000000,0.19620193333333333
10074780,1706938907,2024-02-03T05:41:47+00:00,274,1504739,30000000,0.050157966666666665
10074930,1706939207,2024-02-03T05:46:47+00:00,269,1268241,30000000,0.0422747
10075080,1706939507,2024-02-03T05:51:47+00:00,268,921816,30000000,0.0307272
10075230,1706939807,2024-02-03T05:56:47+00:00,265,1427830,30000000,0.047594333333333336
10075380,1706940107,2024-02-03T06:01:47+00:00,269,496224,30000000,0.0165408
10075530,1706940407,2024-02-03T06:06:47+00:00,266,1855824,30000000,0.0618608
10075680,1706940707,2024-02-03T06:11:47+00:00,273,1018344,30000000,0.0339448
10075830,1706941007,2024-02-03T06:16:47+00:00,273,1976151,30000000,0.0658717
10075980,1706941307,2024-02-03T06:21:47+00:00,270,912841,30000000,0.030428033333333333
10076130,1706941607,2024-02-03T06:26:47+00:00,275,1090470,30000000,0.036349
10076280,1706941907,2024-02-03T06:31:47+00:00,280,2039037,30000000,0.0679679
10076430,1706942207,2024-02-03T06:36:47+00:00,279,1495096,30000000,0.049836533333333335
10076580,1706942507,2024-02-03T06:41:47+00:00,279,835969,30000000,0.027865633333333334
10076730,1706942807,2024-02-03T06:46:47+00:00,277,2497893,30000000,0.0832631
10076880,1706943107,2024-02-03T06:51:47+00:00,277,1320391,30000000,0.04401303333333333
10077030,1706943407,2024-02-03T06:56:47+00:00,287,1573910,30000000,0.052463666666666665
10077180,1706943707,2024-02-03T07:01:47+00:00,284,1190309,30000000,0.03967696666666667
10077330,1706944007,2024-02-03T07:06:47+00:00,280,1454050,30000000,0.048468333333333335
10077480,1706944307,2024-02-03T07:11:47+00:00,281,1325266,30000000,0.044175533333333336
10077630,1706944607,2024-02-03T07:16:47+00:00,289,723543,30000000,0.0241181
10077780,1706944907,2024-02-03T07:21:47+00:00,286,1479061,30000000,0.049302033333333335
10077930,1706945207,2024-02-03T07:26:47+00:00,283,1233191,30000000,0.041106366666666665
10078080,1706945507,2024-02-03T07:31:47+00:00,279,1471056,30000000,0.0490352
10078230,1706945807,2024-02-03T07:36:47+00:00,282,1102971,30000000,0.0367657
10078380,1706946107,2024-02-03T07:41:47+00:00,280,2401032,30000000,0.0800344
10078530,1706946407,2024-02-03T07:46:47+00:00,293,1604709,30000000,0.0534903
10078680,1706946707,2024-02-03T07:51:47+00:00,294,752797,30000000,0.025093233333333333
10078830,1706947007,2024-02-03T07:56:47+00:00,286,1311028,30000000,0.04370093333333333
10078980,1706947307,2024-02-03T08:01:47+00:00,290,1357105,30000000,0.04523683333333333
10079130,1706947607,2024-02-03T08:06:47+00:00,292,1041066,30000000,0.0347022
10079280,1706947907,2024-02-03T08:11:47+00:00,284,333649,30000000,0.011121633333333334
10079430,1706948207,2024-02-03T08:16:47+00:00,289,1838293,30000000,0.06127643333333333
10079580,1706948507,2024-02-03T08:21:47+00:00,314,1016533,30000000,0.03388443333333333
10079730,1706948807,2024-02-03T08:26:47+00:00,323,1433707,30000000,0.047790233333333335
10079880,1706949107,2024-02-03T08:31:47+00:00,311,2317169,30000000,0.07723896666666667
10080030,1706949407,2024-02-03T08:36:47+00:00,335,2549496,30000000,0.0849832
10080180,1706949707,2024-02-03T08:41:47+00:00,352,1370926,30000000,0.04569753333333333
10080330,1706950007,2024-02-03T08:46:47+00:00,340,2990979,30000000,0.0996993
10080480,1706950307,2024-02-03T08:51:47+00:00,345,1201978,30000000,0.04006593333333333
10080630,1706950607,2024-02-03T08:56:47+00:00,366,1008452,30000000,0.033615066666666665
10080780,1706950907,2024-02-03T09:01:47+00:00,379,774053,30000000,0.025801766666666667
10080930,1706951207,2024-02-03T09:06:47+00:00,339,1737714,30000000,0.0579238
10081080,1706951507,2024-02-03T09:11:47+00:00,341,1277288,30000000,0.04257626666666667
10081230,1706951807,2024-02-03T09:16:47+00:00,348,828936,30000000,0.0276312
10081380,1706952107,2024-02-03T09:21:47+00:00,364,1576512,30000000,0.0525504
10081530,1706952407,2024-02-03T09:26:47+00:00,339,2214434,30000000,0.07381446666666666
10081680,1706952707,2024-02-03T09:31:47+00:00,345,2562668,30000000,0.08542226666666666
10081830,1706953007,2024-02-03T09:36:47+00:00,353,2207676,30000000,0.0735892
10081980,1706953307,2024-02-03T09:41:47+00:00,363,2569386,30000000,0.0856462
10082130,1706953607,2024-02-03T09:46:47+00:00,419,1051265,30000000,0.035042166666666666
10082280,1706953907,2024-02-03T09:51:47+00:00,401,2019005,30000000,0.06730016666666666
10082430,1706954207,2024-02-03T09:56:47+00:00,384,2077067,30000000,0.06923556666666666
10082580,1706954507,2024-02-03T10:01:47+00:00,381,1722242,30000000,0.05740806666666667
10082730,1706954807,2024-02-03T10:06:47+00:00,381,2212898,30000000,0.07376326666666666
10082880,1706955107,2024-02-03T10:11:47+00:00,372,20638386,30000000,0.6879462
10083030,1706955407,2024-02-03T10:16:47+00:00,358,893393,30000000,0.029779766666666665
10083180,1706955707,2024-02-03T10:21:47+00:00,335,3853055,30000000,0.12843516666666666
10083330,1706956007,2024-02-03T10:26:47+00:00,347,731037,30000000,0.0243679
10083480,1706956307,2024-02-03T10:31:47+00:00,325,2044550,30000000,0.06815166666666667
10083630,1706956607,2024-02-03T10:36:47+00:00,356,2240902,30000000,0.07469673333333333
10083780,1706956907,2024-02-03T10:41:47+00:00,353,1633761,30000000,0.0544587
10083930,1706957207,2024-02-03T10:46:47+00:00,364,371400,30000000,0.01238
10084080,1706957507,2024-02-03T10:51:47+00:00,376,2135248,30000000,0.07117493333333333
10084230,1706957807,2024-02-03T10:56:47+00:00,476,946142,30000000,0.03153806666666667
10084380,1706958107,2024-02-03T11:01:47+00:00,599,2109913,30000000,0.07033043333333333
10084530,1706958407,2024-02-03T11:06:47+00:00,687,1362763,30000000,0.045425433333333334
10084680,1706958707,2024-02-03T11:11:47+00:00,788,1668772,30000000,0.05562573333333334
10084830,1706959007,2024-02-03T11:16:47+00:00,847,1947838,30000000,0.06492793333333334
10084980,1706959307,2024-02-03T11:21:47+00:00,813,958064,30000000,0.03193546666666667
10085130,1706959607,2024-02-03T11:26:47+00:00,734,641692,30000000,0.021389733333333334
10085280,1706959907,2024-02-03T11:31:47+00:00,755,1607675,30000000,0.05358916666666667
10085430,1706960207,2024-02-03T11:36:47+00:00,747,3612645,30000000,0.1204215
10085580,1706960507,2024-02-03T11:41:47+00:00,667,2817875,30000000,0.09392916666666666
10085730,1706960807,2024-02-03T11:46:47+00:00,620,1840106,30000000,0.06133686666666667
10085880,1706961107,2024-02-03T11:51:47+00:00,531,3107232,30000000,0.1035744
10086030,1706961407,2024-02-03T11:56:47+00:00,442,1595602,30000000,0.05318673333333333
10086180,1706961707,2024-02-03T12:01:47+00:00,395,3135795,30000000,0.1045265
10086330,1706962007,2024-02-03T12:06:47+00:00,365,2185002,30000000,0.0728334
10086480,1706962307,2024-02-03T12:11:47+00:00,333,1167095,30000000,0.03890316666666667
10086630,1706962607,2024-02-03T12:16:47+00:00,337,1444913,30000000,0.04816376666666667
10086780,1706962907,2024-02-03T12:21:47+00:00,320,2213539,30000000,0.07378463333333334
10086930,1706963207,2024-02-03T12:26:47+00:00,323,2087495,30000000,0.06958316666666667
10087080,1706963507,2024-02-03T12:31:47+00:00,335,688964,30000000,0.022965466666666667
10087230,1706963807,2024-02-03T12:36:47+00:00,359,1223997,30000000,0.0407999
10087380,1706964107,2024-02-03T12:41:47+00:00,387,3058142,30000000,0.10193806666666666
10087530,1706964407,2024-02-03T12:46:47+00:00,384,3069935,30000000,0.10233116666666667
10087680,1706964707,2024-02-03T12:51:47+00:00,369,1835176,30000000,0.061172533333333334
10087830,1706965007,2024-02-03T12:56:47+00:00,345,2743146,30000000,0.0914382
10087980,1706965307,2024-02-03T13:01:47+00:00,331,1404309,30000000,0.0468103
10088130,1706965607,2024-02-03T13:06:47+00:00,343,1294583,30000000,0.04315276666666667
10088280,1706965907,2024-02-03T13:11:47+00:00,347,2483678,30000000,0.08278926666666667
10088430,1706966207,2024-02-03T13:16:47+00:00,313,4210417,30000000,0.14034723333333332
10088580,1706966507,2024-02-03T13:21:47+00:00,300,2689557,30000000,0.0896519
10088730,1706966807,2024-02-03T13:26:47+00:00,297,1386174,30000000,0.0462058
10088880,1706967107,2024-02-03T13:31:47+00:00,289,781583,30000000,0.026052766666666668
10089030,1706967407,2024-02-03T13:36:47+00:00,280,1657464,30000000,0.0552488
10089180,1706967707,2024-02-03T13:41:47+00:00,281,1307167,30000000,0.043572233333333335
10089330,1706968007,2024-02-03T13:46:47+00:00,278,501024,30000000,0.0167008
10089480,1706968307,2024-02-03T13:51:47+00:00,286,1450357,30000000,0.048345233333333335
10089630,1706968607,2024-02-03T13:56:47+00:00,286,1930152,30000000,0.0643384
10089780,1706968907,2024-02-03T14:01:47+00:00,294,1754094,30000000,0.0584698
10089930,1706969207,2024-02-03T14:06:47+00:00,292,2081736,30000000,0.0693912
10090080,1706969507,2024-02-03T14:11:47+00:00,304,1466686,30000000,0.04888953333333333
10090230,1706969807,2024-02-03T14:16:47+00:00,300,2233128,30000000,0.0744376
10090380,1706970107,2024-02-03T14:21:47+00:00,291,2469786,30000000,0.0823262
10090530,1706970407,2024-02-03T14:26:47+00:00,282,2085946,30000000,0.06953153333333334
10090680,1706970707,2024-02-03T14:31:47+00:00,291,3191984,30000000,0.10639946666666666
10090830,1706971007,2024-02-03T14:36:47+00:00,296,1968617,30000000,0.06562056666666667
10090980,1706971307,2024-02-03T14:41:47+00:00,287,1149148,30000000,0.03830493333333333
10091130,1706971607,2024-02-03T14:46:47+00:00,297,2786264,30000000,0.09287546666666667
10091280,1706971907,2024-02-03T14:51:47+00:00,286,685512,30000000,0.0228504
10091430,1706972207,2024-02-03T14:56:47+00:00,282,1813805,30000000,0.06046016666666667
10091580,1706972507,2024-02-03T15:01:47+00:00,288,3538688,30000000,0.11795626666666667
10091730,1706972807,2024-02-03T15:06:47+00:00,311,1127360,30000000,0.03757866666666667
10091880,1706973107,2024-02-03T15:11:47+00:00,313,26041396,30000000,0.8680465333333334
10092030,1706973407,2024-02-03T15:16:47+00:00,312,2506307,30000000,0.08354356666666667
10092180,1706973707,2024-02-03T15:21:47+00:00,313,1383667,30000000,0.04612223333333333
10092330,1706974007,2024-02-03T15:26:47+00:00,329,3479099,30000000,0.11596996666666666
10092480,1706974307,2024-02-03T15:31:47+00:00,348,1073792,30000000,0.035793066666666665
10092630,1706974607,2024-02-03T15:36:47+00:00,360,25145651,30000000,0.8381883666666666
10092780,1706974907,2024-02-03T15:41:47+00:00,345,26010117,30000000,0.8670039
10092930,1706975207,2024-02-03T15:46:47+00:00,373,178587,30000000,0.0059529
10093080,1706975507,2024-02-03T15:51:47+00:00,348,1761416,30000000,0.05871386666666667
10093230,1706975807,2024-02-03T15:56:47+00:00,346,1089319,30000000,0.036310633333333335
10093380,1706976107,2024-02-03T16:01:47+00:00,361,2902451,30000000,0.09674836666666667
10093530,1706976407,2024-02-03T16:06:47+00:00,398,1772336,30000000,0.059077866666666666
10093680,1706976707,2024-02-03T16:11:47+00:00,358,996950,30000000,0.033231666666666666
10093830,1706977007,2024-02-03T16:16:47+00:00,360,4366914,30000000,0.1455638
10093980,1706977307,2024-02-03T16:21:47+00:00,390,1854729,30000000,0.0618243
10094130,1706977607,2024-02-03T16:26:47+00:00,362,1213014,30000000,0.0404338
10094280,1706977907,2024-02-03T16:31:47+00:00,360,2031589,30000000,0.06771963333333333
10094430,1706978207,2024-02-03T16:36:47+00:00,376,2521109,30000000,0.08403696666666667
10094580,1706978507,2024-02-03T16:41:47+00:00,349,834933,30000000,0.0278311
10094730,1706978807,2024-02-03T16:46:47+00:00,349,1180215,30000000,0.0393405
10094880,1706979107,2024-02-03T16:51:47+00:00,343,2108530,30000000,0.07028433333333334
10095030,1706979407,2024-02-03T16:56:47+00:00,312,1290182,30000000,0.04300606666666667
10095180,1706979707,2024-02-03T17:01:47+00:00,305,1051473,30000000,0.0350491
10095330,1706980007,2024-02-03T17:06:47+00:00,304,1265006,30000000,0.042166866666666664
10095480,1706980307,2024-02-03T17:11:47+00:00,292,2055693,30000000,0.0685231
10095630,1706980607,2024-02-03T17:16:47+00:00,287,2582916,30000000,0.0860972
10095780,1706980907,2024-02-03T17:21:47+00:00,280,2042461,30000000,0.06808203333333333
10095930,1706981207,2024-02-03T17:26:47+00:00,275,2226455,30000000,0.07421516666666667
10096080,1706981507,2024-02-03T17:31:47+00:00,276,2930294,30000000,0.09767646666666667
10096230,1706981807,2024-02-03T17:36:47+00:00,276,901599,30000000,0.0300533
10096380,1706982107,2024-02-03T17:41:47+00:00,277,1559522,30000000,0.05198406666666667
10096530,1706982407,2024-02-03T17:46:47+00:00,279,15766656,30000000,0.5255552
10096680,1706982707,2024-02-03T17:51:47+00:00,279,1952231,30000000,0.06507436666666666
10096830,1706983007,2024-02-03T17:56:47+00:00,275,1749349,30000000,0.058311633333333335
10096980,1706983307,2024-02-03T18:01:47+00:00,280,1326716,30000000,0.04422386666666667
10097130,1706983607,2024-02-03T18:06:47+00:00,286,745703,30000000,0.024856766666666665
10097280,1706983907,2024-02-03T18:11:47+00:00,279,355598,30000000,0.011853266666666668
10097430,1706984207,2024-02-03T18:16:47+00:00,277,1401485,30000000,0.04671616666666667
10097580,1706984507,2024-02-03T18:21:47+00:00,280,523688,30000000,0.017456266666666668
10097730,1706984807,2024-02-03T18:26:47+00:00,277,607988,30000000,0.020266266666666668
10097880,1706985107,2024-02-03T18:31:47+00:00,276,704619,30000000,0.0234873
10098030,1706985407,2024-02-03T18:36:47+00:00,290,1564982,30000000,0.05216606666666666
10098180,1706985707,2024-02-03T18:41:47+00:00,310,1982390,30000000,0.06607966666666666
10098330,1706986007,2024-02-03T18:46:47+00:00,333,778010,30000000,0.025933666666666667
10098480,1706986307,2024-02-03T18:51:47+00:00,323,1686521,30000000,0.056217366666666664
10098630,1706986607,2024-02-03T18:56:47+00:00,320,717637,30000000,0.023921233333333333
10098780,1706986907,2024-02-03T19:01:47+00:00,329,1750462,30000000,0.05834873333333333
10098930,1706987207,2024-02-03T19:06:47+00:00,332,1665328,30000000,0.05551093333333333
10099080,1706987507,2024-02-03T19:11:47+00:00,336,6892142,30000000,0.22973806666666666
10099230,1706987807,2024-02-03T19:16:47+00:00,335,2183693,30000000,0.07278976666666667
10099380,1706988107,2024-02-03T19:21:47+00:00,344,1752002,30000000,0.05840006666666667
10099530,1706988407,2024-02-03T19:26:47+00:00,358,724285,30000000,0.024142833333333332
10099680,1706988707,2024-02-03T19:31:47+00:00,355,2578212,30000000,0.0859404
10099830,1706989007,2024-02-03T19:36:47+00:00,349,1719804,30000000,0.0573268
10099980,1706989307,2024-02-03T19:41:47+00:00,364,9130115,30000000,0.30433716666666666
10100130,1706989607,2024-02-03T19:46:47+00:00,409,592361,30000000,0.019745366666666667
10100280,1706989907,2024-02-03T19:51:47+00:00,370,2182640,30000000,0.07275466666666666
10100430,1706990207,2024-02-03T19:56:47+00:00,379,1069000,30000000,0.035633333333333336
10100580,1706990507,2024-02-03T20:01:47+00:00,441,2805754,30000000,0.09352513333333333
10100730,1706990807,2024-02-03T20:06:47+00:00,391,415957,30000000,0.013865233333333333
10100880,1706991107,2024-02-03T20:11:47+00:00,335,1587287,30000000,0.052909566666666664
10101030,1706991407,2024-02-03T20:16:47+00:00,333,395265,30000000,0.0131755
10101180,1706991707,2024-02-03T20:21:47+00:00,321,585312,30000000,0.0195104
10101330,1706992007,2024-02-03T20:26:47+00:00,311,2133663,30000000,0.0711221
10101480,1706992307,2024-02-03T20:31:47+00:00,302,1692354,30000000,0.0564118
10101630,1706992607,2024-02-03T20:36:47+00:00,281,2018858,30000000,0.06729526666666667
10101780,1706992907,2024-02-03T20:41:47+00:00,281,211934,30000000,0.0070644666666666665
10101930,1706993207,2024-02-03T20:46:47+00:00,281,1206920,30000000,0.040230666666666665
10102080,1706993507,2024-02-03T20:51:47+00:00,285,805783,30000000,0.02685943333333333
10102230,1706993807,2024-02-03T20:56:47+00:00,278,1142168,30000000,0.03807226666666667
10102380,1706994107,2024-02-03T21:01:47+00:00,285,1999570,30000000,0.06665233333333333
10102530,1706994407,2024-02-03T21:06:47+00:00,283,854564,30000000,0.028485466666666667
10102680,1706994707,2024-02-03T21:11:47+00:00,283,1002239,30000000,0.033407966666666664
10102830,1706995007,2024-02-03T21:16:47+00:00,281,437876,30000000,0.014595866666666667
10102980,1706995307,2024-02-03T21:21:47+00:00,275,915460,30000000,0.030515333333333332
10103130,1706995607,2024-02-03T21:26:47+00:00,278,2476525,30000000,0.08255083333333334
10103280,1706995907,2024-02-03T21:31:47+00:00,287,1431729,30000000,0.0477243
10103430,1706996207,2024-02-03T21:36:47+00:00,296,1318211,30000000,0.04394036666666667
10103580,1706996507,2024-02-03T21:41:47+00:00,281,845903,30000000,0.028196766666666668
10103730,1706996807,2024-02-03T21:46:47+00:00,279,721641,30000000,0.0240547
10103880,1706997107,2024-02-03T21:51:47+00:00,284,7874328,30000000,0.2624776
10104030,1706997407,2024-02-03T21:56:47+00:00,282,806600,30000000,0.026886666666666666
10104180,1706997707,2024-02-03T22:01:47+00:00,283,518226,30000000,0.0172742
10104330,1706998007,2024-02-03T22:06:47+00:00,282,2390852,30000000,0.07969506666666666
10104480,1706998307,2024-02-03T22:11:47+00:00,282,1219149,30000000,0.0406383
10104630,1706998607,2024-02-03T22:16:47+00:00,276,1326957,30000000,0.0442319
10104780,1706998907,2024-02-03T22:21:47+00:00,289,899476,30000000,0.029982533333333332
10104930,1706999207,2024-02-03T22:26:47+00:00,289,10854902,30000000,0.36183006666666667
10105080,1706999507,2024-02-03T22:31:47+00:00,282,1193222,30000000,0.03977406666666667
10105230,1706999807,2024-02-03T22:36:47+00:00,278,722816,30000000,0.02409386666666667
10105380,1707000107,2024-02-03T22:41:47+00:00,274,820700,30000000,0.027356666666666668
10105530,1707000407,2024-02-03T22:46:47+00:00,276,927817,30000000,0.030927233333333335
10105680,1707000707,2024-02-03T22:51:47+00:00,281,1638618,30000000,0.0546206
10105830,1707001007,2024-02-03T22:56:47+00:00,284,676883,30000000,0.022562766666666668
10105980,1707001307,2024-02-03T23:01:47+00:00,302,814571,30000000,0.027152366666666667
10106130,1707001607,2024-02-03T23:06:47+00:00,295,2928336,30000000,0.0976112
10106280,1707001907,2024-02-03T23:11:47+00:00,301,1267894,30000000,0.042263133333333334
10106430,1707002207,2024-02-03T23:16:47+00:00,334,1413590,30000000,0.047119666666666664
10106580,1707002507,2024-02-03T23:21:47+00:00,371,1040771,30000000,0.03469236666666667
10106730,1707002807,2024-02-03T23:26:47+00:00,337,680301,30000000,0.0226767
10106880,1707003107,2024-02-03T23:31:47+00:00,307,1959869,30000000,0.06532896666666667
10107030,1707003407,2024-02-03T23:36:47+00:00,289,818137,30000000,0.027271233333333332
10107180,1707003707,2024-02-03T23:41:47+00:00,296,840111,30000000,0.0280037
10107330,1707004007,2024-02-03T23:46:47+00:00,311,23989068,30000000,0.7996356
10107480,1707004307,2024-02-03T23:51:47+00:00,309,2511841,30000000,0.08372803333333333
10107630,1707004607,2024-02-03T23:56:47+00:00,958,24817848,30000000,0.8272616
10107780,1707004907,2024-02-04T00:01:47+00:00,979,194308,30000000,0.006476933333333333
10107930,1707005207,2024-02-04T00:06:47+00:00,685,650300,30000000,0.021676666666666667
10108080,1707005507,2024-02-04T00:11:47+00:00,510,21819587,30000000,0.7273195666666666
10108230,1707005807,2024-02-04T00:16:47+00:00,2012,25119232,30000000,0.8373077333333333
10108380,1707006107,2024-02-04T00:21:47+00:00,3199,25558632,30000000,0.8519544
10108530,1707006407,2024-02-04T00:26:47+00:00,8455,3483421,30000000,0.11611403333333334
10108680,1707006707,2024-02-04T00:31:47+00:00,5809,1199912,30000000,0.039997066666666664
10108830,1707007007,2024-02-04T00:36:47+00:00,3966,625777,30000000,0.020859233333333334
10108980,1707007307,2024-02-04T00:41:47+00:00,19980,1369330,30000000,0.045644333333333335
10109130,1707007607,2024-02-04T00:46:47+00:00,15612,1532637,30000000,0.0510879
10109280,1707007907,2024-02-04T00:51:47+00:00,11113,2134223,30000000,0.07114076666666666
10109430,1707008207,2024-02-04T00:56:47+00:00,7515,599777,30000000,0.019992566666666666
10109580,1707008507,2024-02-04T01:01:47+00:00,20070,847731,30000000,0.0282577
10109730,1707008807,2024-02-04T01:06:47+00:00,20080,2709167,30000000,0.09030556666666667
10109880,1707009107,2024-02-04T01:11:47+00:00,17398,1031240,30000000,0.034374666666666664
10110030,1707009407,2024-02-04T01:16:47+00:00,20145,1932426,30000000,0.0644142
10110180,1707009707,2024-02-04T01:21:47+00:00,20148,1024889,30000000,0.03416296666666667
10110330,1707010007,2024-02-04T01:26:47+00:00,20141,999758,30000000,0.033325266666666666
10110480,1707010307,2024-02-04T01:31:47+00:00,20224,2082301,30000000,0.06941003333333333
10110630,1707010607,2024-02-04T01:36:47+00:00,16632,1370200,30000000,0.04567333333333334
10110780,1707010907,2024-02-04T01:41:47+00:00,13039,24077026,30000000,0.8025675333333333
10110930,1707011207,2024-02-04T01:46:47+00:00,20228,1405867,30000000,0.046862233333333336
10111080,1707011507,2024-02-04T01:51:47+00:00,20165,1663276,30000000,0.055442533333333335
10111230,1707011807,2024-02-04T01:56:47+00:00,20232,1689466,30000000,0.056315533333333334
10111380,1707012107,2024-02-04T02:01:47+00:00,15966,2463407,30000000,0.08211356666666667
10111530,1707012407,2024-02-04T02:06:47+00:00,10771,1940305,30000000,0.06467683333333334
10111680,1707012707,2024-02-04T02:11:47+00:00,7324,799269,30000000,0.0266423
10111830,1707013007,2024-02-04T02:16:47+00:00,10289,2024844,30000000,0.0674948
10111980,1707013307,2024-02-04T02:21:47+00:00,7397,867984,30000000,0.0289328
10112130,1707013607,2024-02-04T02:26:47+00:00,5021,1796273,30000000,0.05987576666666666
10112280,1707013907,2024-02-04T02:31:47+00:00,3479,1935909,30000000,0.0645303
10112430,1707014207,2024-02-04T02:36:47+00:00,2664,1604029,30000000,0.053467633333333334
10112580,1707014507,2024-02-04T02:41:47+00:00,2146,374869,30000000,0.012495633333333334
10112730,1707014807,2024-02-04T02:46:47+00:00,1811,1171886,30000000,0.03906286666666667
10112880,1707015107,2024-02-04T02:51:47+00:00,1561,23619495,30000000,0.7873165
10113030,1707015407,2024-02-04T02:56:47+00:00,1312,1128656,30000000,0.03762186666666667
10113180,1707015707,2024-02-04T03:01:47+00:00,1135,1903312,30000000,0.06344373333333334
10113330,1707016007,2024-02-04T03:06:47+00:00,907,1569957,30000000,0.0523319
10113480,1707016307,2024-02-04T03:11:47+00:00,760,1410836,30000000,0.04702786666666667
10113630,1707016607,2024-02-04T03:16:47+00:00,564,1437534,30000000,0.0479178
10113780,1707016907,2024-02-04T03:21:47+00:00,454,861847,30000000,0.028728233333333332
10113930,1707017207,2024-02-04T03:26:47+00:00,421,23288616,30000000,0.7762872
10114080,1707017507,2024-02-04T03:31:47+00:00,367,1166334,30000000,0.0388778
10114230,1707017807,2024-02-04T03:36:47+00:00,302,748739,30000000,0.024957966666666668
10114380,1707018107,2024-02-04T03:41:47+00:00,314,2020095,30000000,0.0673365
10114530,1707018407,2024-02-04T03:46:47+00:00,300,1655267,30000000,0.05517556666666667
10114680,1707018707,2024-02-04T03:51:47+00:00,310,2485064,30000000,0.08283546666666666
10114830,1707019007,2024-02-04T03:56:47+00:00,341,1323979,30000000,0.04413263333333333
10114980,1707019307,2024-02-04T04:01:47+00:00,335,994229,30000000,0.03314096666666667
10115130,1707019607,2024-02-04T04:06:47+00:00,336,22952202,30000000,0.7650734
10115280,1707019907,2024-02-04T04:11:47+00:00,308,10489926,30000000,0.3496642
10115430,1707020207,2024-02-04T04:16:47+00:00,293,979548,30000000,0.0326516
10115580,1707020507,2024-02-04T04:21:47+00:00,297,1451704,30000000,0.048390133333333335
10115730,1707020807,2024-02-04T04:26:47+00:00,299,25424372,30000000,0.8474790666666666
10115880,1707021107,2024-02-04T04:31:47+00:00,291,1477545,30000000,0.0492515
10116030,1707021407,2024-02-04T04:36:47+00:00,283,1573164,30000000,0.0524388
10116180,1707021707,2024-02-04T04:41:47+00:00,279,1693661,30000000,0.056455366666666666
10116330,1707022007,2024-02-04T04:46:47+00:00,277,2678586,30000000,0.0892862
10116480,1707022307,2024-02-04T04:51:47+00:00,281,1429335,30000000,0.0476445
10116630,1707022607,2024-02-04T04:56:47+00:00,278,515085,30000000,0.0171695
10116780,1707022907,2024-02-04T05:01:47+00:00,291,1338896,30000000,0.044629866666666664
10116930,1707023207,2024-02-04T05:06:47+00:00,301,2106030,30000000,0.070201
10117080,1707023507,2024-02-04T05:11:47+00:00,294,1732157,30000000,0.057738566666666664
10117230,1707023807,2024-02-04T05:16:47+00:00,286,2224357,30000000,0.07414523333333334
10117380,1707024107,2024-02-04T05:21:47+00:00,287,1171160,30000000,0.039038666666666666
10117530,1707024407,2024-02-04T05:26:47+00:00,288,8465325,30000000,0.2821775
10117680,1707024707,2024-02-04T05:31:47+00:00,291,2359333,30000000,0.07864443333333333
10117830,1707025007,2024-02-04T05:36:47+00:00,293,1661858,30000000,0.055395266666666665
10117980,1707025307,2024-02-04T05:41:47+00:00,288,726300,30000000,0.02421
10118130,1707025607,2024-02-04T05:46:47+00:00,283,277654,30000000,0.009255133333333334
10118280,1707025907,2024-02-04T05:51:47+00:00,293,1073860,30000000,0.03579533333333333
10118430,1707026207,2024-02-04T05:56:47+00:00,292,3201127,30000000,0.10670423333333333
10118580,1707026507,2024-02-04T06:01:47+00:00,296,2087680,30000000,0.06958933333333334
10118730,1707026807,2024-02-04T06:06:47+00:00,291,867603,30000000,0.0289201
10118880,1707027107,2024-02-04T06:11:47+00:00,292,13530702,30000000,0.4510234
10119030,1707027407,2024-02-04T06:16:47+00:00,288,719515,30000000,0.023983833333333333
10119180,1707027707,2024-02-04T06:21:47+00:00,296,801464,30000000,0.026715466666666667
10119330,1707028007,2024-02-04T06:26:47+00:00,294,1441479,30000000,0.0480493
10119480,1707028307,2024-02-04T06:31:47+00:00,955,26742082,30000000,0.8914027333333333
10119630,1707028607,2024-02-04T06:36:47+00:00,7693,26881642,30000000,0.8960547333333333
10119780,1707028907,2024-02-04T06:41:47+00:00,9040,1405341,30000000,0.0468447
10119930,1707029207,2024-02-04T06:46:47+00:00,6752,477295,30000000,0.015909833333333335
10120080,1707029507,2024-02-04T06:51:47+00:00,4926,637591,30000000,0.021253033333333334
10120230,1707029807,2024-02-04T06:56:47+00:00,3813,2162430,30000000,0.072081
10120380,1707030107,2024-02-04T07:01:47+00:00,3194,1666254,30000000,0.0555418
10120530,1707030407,2024-02-04T07:06:47+00:00,2338,998672,30000000,0.033289066666666665
10120680,1707030707,2024-02-04T07:11:47+00:00,1769,1220304,30000000,0.0406768
10120830,1707031007,2024-02-04T07:16:47+00:00,1283,1282298,30000000,0.04274326666666667
10120980,1707031307,2024-02-04T07:21:47+00:00,991,1040176,30000000,0.03467253333333333
10121130,1707031607,2024-02-04T07:26:47+00:00,761,3030004,30000000,0.10100013333333334
10121280,1707031907,2024-02-04T07:31:47+00:00,608,1445606,30000000,0.04818686666666667
10121430,1707032207,2024-02-04T07:36:47+00:00,492,2917214,30000000,0.09724046666666666
10121580,1707032507,2024-02-04T07:41:47+00:00,399,2552516,30000000,0.08508386666666666
10121730,1707032807,2024-02-04T07:46:47+00:00,351,2783610,30000000,0.092787
10121880,1707033107,2024-02-04T07:51:47+00:00,370,6894095,30000000,0.22980316666666667
10122030,1707033407,2024-02-04T07:56:47+00:00,363,1194881,30000000,0.039829366666666664
10122180,1707033707,2024-02-04T08:01:47+00:00,382,2124797,30000000,0.07082656666666666
10122330,1707034007,2024-02-04T08:06:47+00:00,376,2691588,30000000,0.0897196
10122480,1707034307,2024-02-04T08:11:47+00:00,364,1822959,30000000,0.0607653
10122630,1707034607,2024-02-04T08:16:47+00:00,345,1760511,30000000,0.0586837
10122780,1707034907,2024-02-04T08:21:47+00:00,330,8334217,30000000,0.27780723333333335
10122930,1707035207,2024-02-04T08:26:47+00:00,316,2194050,30000000,0.073135
10123080,1707035507,2024-02-04T08:31:47+00:00,320,1958024,30000000,0.06526746666666666
10123230,1707035807,2024-02-04T08:36:47+00:00,321,2283974,30000000,0.07613246666666666
10123380,1707036107,2024-02-04T08:41:47+00:00,326,2590366,30000000,0.08634553333333334
10123530,1707036407,2024-02-04T08:46:47+00:00,329,1287884,30000000,0.042929466666666666
10123680,1707036707,2024-02-04T08:51:47+00:00,327,4103812,30000000,0.13679373333333333
10123830,1707037007,2024-02-04T08:56:47+00:00,348,1641728,30000000,0.05472426666666667
10123980,1707037307,2024-02-04T09:01:47+00:00,337,1087025,30000000,0.036234166666666665
10124130,1707037607,2024-02-04T09:06:47+00:00,324,868183,30000000,0.028939433333333334
10124280,1707037907,2024-02-04T09:11:47+00:00,315,1441007,30000000,0.048033566666666666
10124430,1707038207,2024-02-04T09:16:47+00:00,319,7742756,30000000,0.25809186666666667
10124580,1707038507,2024-02-04T09:21:47+00:00,322,1978411,30000000,0.06594703333333334
10124730,1707038807,2024-02-04T09:26:47+00:00,336,1106135,30000000,0.03687116666666666
10124880,1707039107,2024-02-04T09:31:47+00:00,354,6934096,30000000,0.23113653333333334
10125030,1707039407,2024-02-04T09:36:47+00:00,409,1561471,30000000,0.052049033333333335
10125180,1707039707,2024-02-04T09:41:47+00:00,369,2159321,30000000,0.07197736666666667
10125330,1707040007,2024-02-04T09:46:47+00:00,347,4275237,30000000,0.1425079
10125480,1707040307,2024-02-04T09:51:47+00:00,376,2735604,30000000,0.0911868
10125630,1707040607,2024-02-04T09:56:47+00:00,369,2671677,30000000,0.0890559
10125780,1707040907,2024-02-04T10:01:47+00:00,350,1947338,30000000,0.06491126666666666
10125930,1707041207,2024-02-04T10:06:47+00:00,329,2180076,30000000,0.0726692
10126080,1707041507,2024-02-04T10:11:47+00:00,323,8335774,30000000,0.27785913333333334
10126230,1707041807,2024-02-04T10:16:47+00:00,309,3132077,30000000,0.10440256666666667
10126380,1707042107,2024-02-04T10:21:47+00:00,304,3138603,30000000,0.1046201
10126530,1707042407,2024-02-04T10:26:47+00:00,301,1707951,30000000,0.0569317
10126680,1707042707,2024-02-04T10:31:47+00:00,311,2130044,30000000,0.07100146666666667
10126830,1707043007,2024-02-04T10:36:47+00:00,303,1763503,30000000,0.058783433333333336
10126980,1707043307,2024-02-04T10:41:47+00:00,305,648339,30000000,0.0216113
10127130,1707043607,2024-02-04T10:46:47+00:00,299,3234501,30000000,0.1078167
10127280,1707043907,2024-02-04T10:51:47+00:00,303,1867177,30000000,0.06223923333333333
10127430,1707044207,2024-02-04T10:56:47+00:00,294,1468726,30000000,0.04895753333333333
10127580,1707044507,2024-02-04T11:01:47+00:00,299,2809610,30000000,0.09365366666666666
10127730,1707044807,2024-02-04T11:06:47+00:00,304,1825503,30000000,0.0608501
10127880,1707045107,2024-02-04T11:11:47+00:00,308,1059282,30000000,0.0353094
10128030,1707045407,2024-02-04T11:16:47+00:00,324,2433504,30000000,0.0811168
10128180,1707045707,2024-02-04T11:21:47+00:00,309,3268099,30000000,0.10893663333333334
10128330,1707046007,2024-02-04T11:26:47+00:00,314,1781180,30000000,0.059372666666666664
10128480,1707046307,2024-02-04T11:31:47+00:00,327,1660855,30000000,0.05536183333333333
10128630,1707046607,2024-02-04T11:36:47+00:00,325,2063676,30000000,0.0687892
10128780,1707046907,2024-02-04T11:41:47+00:00,328,2168739,30000000,0.0722913
10128930,1707047207,2024-02-04T11:46:47+00:00,314,2256741,30000000,0.0752247
10129080,1707047507,2024-02-04T11:51:47+00:00,315,3015234,30000000,0.1005078
10129230,1707047807,2024-02-04T11:56:47+00:00,313,1550561,30000000,0.05168536666666667
10129380,1707048107,2024-02-04T12:01:47+00:00,312,1834616,30000000,0.06115386666666667
10129530,1707048407,2024-02-04T12:06:47+00:00,296,2308089,30000000,0.0769363
10129680,1707048707,2024-02-04T12:11:47+00:00,295,2211703,30000000,0.07372343333333334
10129830,1707049007,2024-02-04T12:16:47+00:00,301,2026997,30000000,0.06756656666666666
10129980,1707049307,2024-02-04T12:21:47+00:00,310,1971279,30000000,0.0657093
10130130,1707049607,2024-02-04T12:26:47+00:00,313,3027703,30000000,0.10092343333333334
10130280,1707049907,2024-02-04T12:31:47+00:00,316,1344443,30000000,0.044814766666666665
10130430,1707050207,2024-02-04T12:36:47+00:00,312,2151908,30000000,0.07173026666666667
10130580,1707050507,2024-02-04T12:41:47+00:00,320,2258069,30000000,0.07526896666666667
10130730,1707050807,2024-02-04T12:46:47+00:00,334,895180,30000000,0.029839333333333332
10130880,1707051107,2024-02-04T12:51:47+00:00,368,29618610,30000000,0.987287
10131030,1707051407,2024-02-04T12:56:47+00:00,349,1655078,30000000,0.05516926666666667
10131180,1707051707,2024-02-04T13:01:47+00:00,336,3186315,30000000,0.1062105
10131330,1707052007,2024-02-04T13:06:47+00:00,343,2590305,30000000,0.0863435
10131480,1707052307,2024-02-04T13:11:47+00:00,386,22868983,30000000,0.7622994333333334
10131630,1707052607,2024-02-04T13:16:47+00:00,382,22899945,30000000,0.7633315
10131780,1707052907,2024-02-04T13:21:47+00:00,371,12684829,30000000,0.42282763333333334
10131930,1707053207,2024-02-04T13:26:47+00:00,347,1935959,30000000,0.06453196666666666
10132080,1707053507,2024-02-04T13:31:47+00:00,353,17588906,30000000,0.5862968666666667
10132230,1707053807,2024-02-04T13:36:47+00:00,331,2198361,30000000,0.0732787
10132380,1707054107,2024-02-04T13:41:47+00:00,331,21573868,30000000,0.7191289333333334
10132530,1707054407,2024-02-04T13:46:47+00:00,332,11540997,30000000,0.3846999
10132680,1707054707,2024-02-04T13:51:47+00:00,330,22678414,30000000,0.7559471333333333
10132830,1707055007,2024-02-04T13:56:47+00:00,330,1774613,30000000,0.05915376666666667
10132980,1707055307,2024-02-04T14:01:47+00:00,340,1374289,30000000,0.045809633333333336
10133130,1707055607,2024-02-04T14:06:47+00:00,320,2357122,30000000,0.07857073333333334
10133280,1707055907,2024-02-04T14:11:47+00:00,332,2215119,30000000,0.0738373
10133430,1707056207,2024-02-04T14:16:47+00:00,329,1091101,30000000,0.036370033333333336
10133580,1707056507,2024-02-04T14:21:47+00:00,318,3266650,30000000,0.10888833333333334
10133730,1707056807,2024-02-04T14:26:47+00:00,314,1456735,30000000,0.048557833333333335
10133880,1707057107,2024-02-04T14:31:47+00:00,322,3068827,30000000,0.10229423333333333
10134030,1707057407,2024-02-04T14:36:47+00:00,317,2682594,30000000,0.0894198
10134180,1707057707,2024-02-04T14:41:47+00:00,341,17377184,30000000,0.5792394666666667
10134330,1707058007,2024-02-04T14:46:47+00:00,325,1211860,30000000,0.04039533333333333
10134480,1707058307,2024-02-04T14:51:47+00:00,348,1328535,30000000,0.0442845
10134630,1707058607,2024-02-04T14:56:47+00:00,320,1440658,30000000,0.048021933333333336
10134780,1707058907,2024-02-04T15:01:47+00:00,328,1734429,30000000,0.0578143
10134930,1707059207,2024-02-04T15:06:47+00:00,323,2710490,30000000,0.09034966666666666
10135080,1707059507,2024-02-04T15:11:47+00:00,319,2321217,30000000,0.0773739
10135230,1707059807,2024-02-04T15:16:47+00:00,314,2564460,30000000,0.085482
10135380,1707060107,2024-02-04T15:21:47+00:00,317,1731354,30000000,0.0577118
10135530,1707060407,2024-02-04T15:26:47+00:00,328,2017585,30000000,0.06725283333333333
10135680,1707060707,2024-02-04T15:31:47+00:00,324,2386698,30000000,0.0795566
10135830,1707061007,2024-02-04T15:36:47+00:00,310,1671426,30000000,0.0557142
10135980,1707061307,2024-02-04T15:41:47+00:00,309,1860758,30000000,0.06202526666666667
10136130,1707061607,2024-02-04T15:46:47+00:00,308,2527598,30000000,0.08425326666666667
10136280,1707061907,2024-02-04T15:51:47+00:00,309,2378107,30000000,0.07927023333333333
10136430,1707062207,2024-02-04T15:56:47+00:00,304,928274,30000000,0.030942466666666668
10136580,1707062507,2024-02-04T16:01:47+00:00,303,561134,30000000,0.018704466666666666
10136730,1707062807,2024-02-04T16:06:47+00:00,290,2730701,30000000,0.09102336666666666
10136880,1707063107,2024-02-04T16:11:47+00:00,289,1826686,30000000,0.060889533333333336
10137030,1707063407,2024-02-04T16:16:47+00:00,287,1717803,30000000,0.0572601
10137180,1707063707,2024-02-04T16:21:47+00:00,288,1141441,30000000,0.038048033333333335
10137330,1707064007,2024-02-04T16:26:47+00:00,288,1035339,30000000,0.0345113
10137480,1707064307,2024-02-04T16:31:47+00:00,296,2333860,30000000,0.07779533333333333
10137630,1707064607,2024-02-04T16:36:47+00:00,286,2634721,30000000,0.08782403333333333
10137780,1707064907,2024-02-04T16:41:47+00:00,288,1649407,30000000,0.054980233333333337
10137930,1707065207,2024-02-04T16:46:47+00:00,299,2555559,30000000,0.0851853
10138080,1707065507,2024-02-04T16:51:47+00:00,318,1460915,30000000,0.048697166666666666
10138230,1707065807,2024-02-04T16:56:47+00:00,334,2080242,30000000,0.0693414
10138380,1707066107,2024-02-04T17:01:47+00:00,339,1699570,30000000,0.05665233333333333
10138530,1707066407,2024-02-04T17:06:47+00:00,320,1889750,30000000,0.06299166666666667
10138680,1707066707,2024-02-04T17:11:47+00:00,305,4106695,30000000,0.13688983333333332
10138830,1707067007,2024-02-04T17:16:47+00:00,301,1636783,30000000,0.05455943333333333
10138980,1707067307,2024-02-04T17:21:47+00:00,321,1432244,30000000,0.04774146666666667
10139130,1707067607,2024-02-04T17:26:47+00:00,321,2675531,30000000,0.08918436666666667
10139280,1707067907,2024-02-04T17:31:47+00:00,307,2006162,30000000,0.06687206666666666
10139430,1707068207,2024-02-04T17:36:47+00:00,303,1773707,30000000,0.05912356666666667
10139580,1707068507,2024-02-04T17:41:47+00:00,300,2428518,30000000,0.0809506
10139730,1707068807,2024-02-04T17:46:47+00:00,302,1387458,30000000,0.0462486
10139880,1707069107,2024-02-04T17:51:47+00:00,298,1608472,30000000,0.05361573333333333
10140030,1707069407,2024-02-04T17:56:47+00:00,335,1618648,30000000,0.05395493333333334
10140180,1707069707,2024-02-04T18:01:47+00:00,348,585330,30000000,0.019511
10140330,1707070007,2024-02-04T18:06:47+00:00,321,638341,30000000,0.021278033333333335
10140480,1707070307,2024-02-04T18:11:47+00:00,295,1862437,30000000,0.06208123333333333
10140630,1707070607,2024-02-04T18:16:47+00:00,307,1350700,30000000,0.04502333333333333
10140780,1707070907,2024-02-04T18:21:47+00:00,312,2624946,30000000,0.0874982
10140930,1707071207,2024-02-04T18:26:47+00:00,421,1200346,30000000,0.040011533333333335
10141080,1707071507,2024-02-04T18:31:47+00:00,431,1413488,30000000,0.04711626666666666
10141230,1707071807,2024-02-04T18:36:47+00:00,431,2682646,30000000,0.08942153333333333
10141380,1707072107,2024-02-04T18:41:47+00:00,410,2820155,30000000,0.09400516666666667
10141530,1707072407,2024-02-04T18:46:47+00:00,373,1257033,30000000,0.0419011
10141680,1707072707,2024-02-04T18:51:47+00:00,346,2534253,30000000,0.0844751
10141830,1707073007,2024-02-04T18:56:47+00:00,358,2773395,30000000,0.0924465
10141980,1707073307,2024-02-04T19:01:47+00:00,328,2671882,30000000,0.08906273333333334
10142130,1707073607,2024-02-04T19:06:47+00:00,328,618681,30000000,0.0206227
10142280,1707073907,2024-02-04T19:11:47+00:00,413,757139,30000000,0.025237966666666667
10142430,1707074207,2024-02-04T19:16:47+00:00,384,2233984,30000000,0.07446613333333334
10142580,1707074507,2024-02-04T19:21:47+00:00,327,1605484,30000000,0.053516133333333334
10142730,1707074807,2024-02-04T19:26:47+00:00,310,1645840,30000000,0.05486133333333333
10142880,1707075107,2024-02-04T19:31:47+00:00,300,2300819,30000000,0.07669396666666667
10143030,1707075407,2024-02-04T19:36:47+00:00,295,1167064,30000000,0.03890213333333333
10143180,1707075707,2024-02-04T19:41:47+00:00,288,1348579,30000000,0.04495263333333333
10143330,1707076007,2024-02-04T19:46:47+00:00,291,2275194,30000000,0.0758398
10143480,1707076307,2024-02-04T19:51:47+00:00,287,1583207,30000000,0.05277356666666667
10143630,1707076607,2024-02-04T19:56:47+00:00,280,1889644,30000000,0.06298813333333333
10143780,1707076907,2024-02-04T20:01:47+00:00,285,1729063,30000000,0.05763543333333333
10143930,1707077207,2024-02-04T20:06:47+00:00,294,2461363,30000000,0.08204543333333333
10144080,1707077507,2024-02-04T20:11:47+00:00,289,1829982,30000000,0.0609994
10144230,1707077807,2024-02-04T20:16:47+00:00,349,7686440,30000000,0.25621466666666665
10144380,1707078107,2024-02-04T20:21:47+00:00,379,1694852,30000000,0.05649506666666667
10144530,1707078407,2024-02-04T20:26:47+00:00,341,2094883,30000000,0.06982943333333333
10144680,1707078707,2024-02-04T20:31:47+00:00,328,686490,30000000,0.022883
10144830,1707079007,2024-02-04T20:36:47+00:00,362,2207084,30000000,0.07356946666666667
10144980,1707079307,2024-02-04T20:41:47+00:00,330,1252673,30000000,0.041755766666666666
10145130,1707079607,2024-02-04T20:46:47+00:00,298,384666,30000000,0.0128222
10145280,1707079907,2024-02-04T20:51:47+00:00,313,11891603,30000000,0.39638676666666667
10145430,1707080207,2024-02-04T20:56:47+00:00,471,1043818,30000000,0.03479393333333333
10145580,1707080507,2024-02-04T21:01:47+00:00,392,1422237,30000000,0.0474079
10145730,1707080807,2024-02-04T21:06:47+00:00,373,1489797,30000000,0.0496599
10145880,1707081107,2024-02-04T21:11:47+00:00,333,1067969,30000000,0.03559896666666667
10146030,1707081407,2024-02-04T21:16:47+00:00,333,1037057,30000000,0.03456856666666667
10146180,1707081707,2024-02-04T21:21:47+00:00,336,3274198,30000000,0.10913993333333333
10146330,1707082007,2024-02-04T21:26:47+00:00,346,22789362,30000000,0.7596454
10146480,1707082307,2024-02-04T21:31:47+00:00,338,949337,30000000,0.031644566666666665
10146630,1707082607,2024-02-04T21:36:47+00:00,340,3360498,30000000,0.1120166
10146780,1707082907,2024-02-04T21:41:47+00:00,325,1922497,30000000,0.06408323333333334
10146930,1707083207,2024-02-04T21:46:47+00:00,302,1400554,30000000,0.04668513333333333
10147080,1707083507,2024-02-04T21:51:47+00:00,306,1080105,30000000,0.0360035
10147230,1707083807,2024-02-04T21:56:47+00:00,300,8786092,30000000,0.2928697333333333
10147380,1707084107,2024-02-04T22:01:47+00:00,286,7716994,30000000,0.2572331333333333
10147530,1707084407,2024-02-04T22:06:47+00:00,289,19347959,30000000,0.6449319666666666
10147680,1707084707,2024-02-04T22:11:47+00:00,301,799366,30000000,0.026645533333333332
10147830,1707085007,2024-02-04T22:16:47+00:00,313,1219873,30000000,0.04066243333333333
10147980,1707085307,2024-02-04T22:21:47+00:00,295,1250869,30000000,0.041695633333333336
10148130,1707085607,2024-02-04T22:26:47+00:00,328,372854,30000000,0.012428466666666667
10148280,1707085907,2024-02-04T22:31:47+00:00,296,2121926,30000000,0.07073086666666667
10148430,1707086207,2024-02-04T22:36:47+00:00,283,566871,30000000,0.0188957
10148580,1707086507,2024-02-04T22:41:47+00:00,302,465568,30000000,0.015518933333333334
10148730,1707086807,2024-02-04T22:46:47+00:00,315,820421,30000000,0.027347366666666668
10148880,1707087107,2024-02-04T22:51:47+00:00,296,2490381,30000000,0.0830127
10149030,1707087407,2024-02-04T22:56:47+00:00,287,942164,30000000,0.031405466666666666
10149180,1707087707,2024-02-04T23:01:47+00:00,292,1202228,30000000,0.040074266666666664
10149330,1707088007,2024-02-04T23:06:47+00:00,286,856346,30000000,0.02854486666666667
10149480,1707088307,2024-02-04T23:11:47+00:00,281,661018,30000000,0.022033933333333332
10149630,1707088607,2024-02-04T23:16:47+00:00,273,1351123,30000000,0.045037433333333335
10149780,1707088907,2024-02-04T23:21:47+00:00,277,1055701,30000000,0.035190033333333336
10149930,1707089207,2024-02-04T23:26:47+00:00,277,2574307,30000000,0.08581023333333333
10150080,1707089507,2024-02-04T23:31:47+00:00,272,1135852,30000000,0.037861733333333335
10150230,1707089807,2024-02-04T23:36:47+00:00,281,1048042,30000000,0.034934733333333336
10150380,1707090107,2024-02-04T23:41:47+00:00,278,585836,30000000,0.019527866666666668
10150530,1707090407,2024-02-04T23:46:47+00:00,277,1751070,30000000,0.058369
10150680,1707090707,2024-02-04T23:51:47+00:00,280,955872,30000000,0.0318624
10150830,1707091007,2024-02-04T23:56:47+00:00,285,2004255,30000000,0.0668085
10150980,1707091307,2024-02-05T00:01:47+00:00,283,1817344,30000000,0.06057813333333333
10151130,1707091607,2024-02-05T00:06:47+00:00,279,970928,30000000,0.03236426666666667
10151280,1707091907,2024-02-05T00:11:47+00:00,272,1349435,30000000,0.04498116666666667
10151430,1707092207,2024-02-05T00:16:47+00:00,283,587367,30000000,0.0195789
10151580,1707092507,2024-02-05T00:21:47+00:00,292,820306,30000000,0.027343533333333333
10151730,1707092807,2024-02-05T00:26:47+00:00,289,906883,30000000,0.030229433333333333
10151880,1707093107,2024-02-05T00:31:47+00:00,280,15732552,30000000,0.5244184
10152030,1707093407,2024-02-05T00:36:47+00:00,296,23453445,30000000,0.7817815
10152180,1707093707,2024-02-05T00:41:47+00:00,289,726057,30000000,0.0242019
10152330,1707094007,2024-02-05T00:46:47+00:00,281,440057,30000000,0.014668566666666667
10152480,1707094307,2024-02-05T00:51:47+00:00,274,2092714,30000000,0.06975713333333333
10152630,1707094607,2024-02-05T00:56:47+00:00,281,3481507,30000000,0.11605023333333334
10152780,1707094907,2024-02-05T01:01:47+00:00,284,1275010,30000000,0.042500333333333334
10152930,1707095207,2024-02-05T01:06:47+00:00,272,1027652,30000000,0.03425506666666667
10153080,1707095507,2024-02-05T01:11:47+00:00,309,2254309,30000000,0.07514363333333333
10153230,1707095807,2024-02-05T01:16:47+00:00,301,1461054,30000000,0.0487018
10153380,1707096107,2024-02-05T01:21:47+00:00,283,798934,30000000,0.026631133333333334
10153530,1707096407,2024-02-05T01:26:47+00:00,271,1179826,30000000,0.03932753333333333
10153680,1707096707,2024-02-05T01:31:47+00:00,275,2015135,30000000,0.06717116666666667
10153830,1707097007,2024-02-05T01:36:47+00:00,273,445175,30000000,0.014839166666666667
10153980,1707097307,2024-02-05T01:41:47+00:00,272,975820,30000000,0.03252733333333333
10154130,1707097607,2024-02-05T01:46:47+00:00,271,1750594,30000000,0.058353133333333335
10154280,1707097907,2024-02-05T01:51:47+00:00,267,1486256,30000000,0.04954186666666666
10154430,1707098207,2024-02-05T01:56:47+00:00,274,392875,30000000,0.013095833333333333
10154580,1707098507,2024-02-05T02:01:47+00:00,285,595077,30000000,0.0198359
10154730,1707098807,2024-02-05T02:06:47+00:00,303,1126866,30000000,0.0375622
10154880,1707099107,2024-02-05T02:11:47+00:00,291,1219364,30000000,0.040645466666666664
10155030,1707099407,2024-02-05T02:16:47+00:00,282,509504,30000000,0.016983466666666665
10155180,1707099707,2024-02-05T02:21:47+00:00,280,1534575,30000000,0.0511525
10155330,1707100007,2024-02-05T02:26:47+00:00,280,665940,30000000,0.022198
10155480,1707100307,2024-02-05T02:31:47+00:00,278,745742,30000000,0.024858066666666668
10155630,1707100607,2024-02-05T02:36:47+00:00,277,1205786,30000000,0.04019286666666667
10155780,1707100907,2024-02-05T02:41:47+00:00,272,1012541,30000000,0.033751366666666664
10155930,1707101207,2024-02-05T02:46:47+00:00,276,744245,30000000,0.024808166666666666
10156080,1707101507,2024-02-05T02:51:47+00:00,268,1306247,30000000,0.04354156666666667
10156230,1707101807,2024-02-05T02:56:47+00:00,272,2089232,30000000,0.06964106666666667
10156380,1707102107,2024-02-05T03:01:47+00:00,275,3294763,30000000,0.10982543333333333
10156530,1707102407,2024-02-05T03:06:47+00:00,280,1101968,30000000,0.036732266666666666
10156680,1707102707,2024-02-05T03:11:47+00:00,282,1624688,30000000,0.05415626666666667
10156830,1707103007,2024-02-05T03:16:47+00:00,282,2056669,30000000,0.06855563333333334
10156980,1707103307,2024-02-05T03:21:47+00:00,288,1544455,30000000,0.05148183333333333
10157130,1707103607,2024-02-05T03:26:47+00:00,283,1898452,30000000,0.06328173333333334
10157280,1707103907,2024-02-05T03:31:47+00:00,279,1256298,30000000,0.0418766
10157430,1707104207,2024-02-05T03:36:47+00:00,279,1458910,30000000,0.04863033333333333
10157580,1707104507,2024-02-05T03:41:47+00:00,279,825137,30000000,0.027504566666666667
10157730,1707104807,2024-02-05T03:46:47+00:00,284,3193095,30000000,0.1064365
10157880,1707105107,2024-02-05T03:51:47+00:00,290,3052149,30000000,0.1017383
10158030,1707105407,2024-02-05T03:56:47+00:00,321,2316722,30000000,0.07722406666666666
10158180,1707105707,2024-02-05T04:01:47+00:00,354,2108629,30000000,0.07028763333333334
10158330,1707106007,2024-02-05T04:06:47+00:00,316,2063473,30000000,0.06878243333333334
10158480,1707106307,2024-02-05T04:11:47+00:00,291,787535,30000000,0.026251166666666666
10158630,1707106607,2024-02-05T04:16:47+00:00,284,1322765,30000000,0.04409216666666667
10158780,1707106907,2024-02-05T04:21:47+00:00,296,1035727,30000000,0.034524233333333335
10158930,1707107207,2024-02-05T04:26:47+00:00,291,1934776,30000000,0.06449253333333334
10159080,1707107507,2024-02-05T04:31:47+00:00,293,1368287,30000000,0.045609566666666664
10159230,1707107807,2024-02-05T04:36:47+00:00,298,1684346,30000000,0.05614486666666667
10159380,1707108107,2024-02-05T04:41:47+00:00,330,1338301,30000000,0.044610033333333333
10159530,1707108407,2024-02-05T04:46:47+00:00,350,885468,30000000,0.0295156
10159680,1707108707,2024-02-05T04:51:47+00:00,366,939655,30000000,0.031321833333333333
10159830,1707109007,2024-02-05T04:56:47+00:00,353,1290285,30000000,0.0430095
10159980,1707109307,2024-02-05T05:01:47+00:00,354,1012377,30000000,0.0337459
10160130,1707109607,2024-02-05T05:06:47+00:00,338,1624361,30000000,0.05414536666666667
10160280,1707109907,2024-02-05T05:11:47+00:00,323,2909511,30000000,0.0969837
10160430,1707110207,2024-02-05T05:16:47+00:00,310,1285585,30000000,0.04285283333333333
10160580,1707110507,2024-02-05T05:21:47+00:00,309,10011195,30000000,0.3337065
10160730,1707110807,2024-02-05T05:26:47+00:00,316,1524637,30000000,0.050821233333333334
10160880,1707111107,2024-02-05T05:31:47+00:00,353,2917951,30000000,0.09726503333333333
10161030,1707111407,2024-02-05T05:36:47+00:00,327,1413040,30000000,0.047101333333333335
10161180,1707111707,2024-02-05T05:41:47+00:00,338,1632379,30000000,0.054412633333333335
10161330,1707112007,2024-02-05T05:46:47+00:00,385,2746681,30000000,0.09155603333333333
10161480,1707112307,2024-02-05T05:51:47+00:00,437,476170,30000000,0.015872333333333332
10161630,1707112607,2024-02-05T05:56:47+00:00,609,1273727,30000000,0.04245756666666667
10161780,1707112907,2024-02-05T06:01:47+00:00,598,1765161,30000000,0.0588387
10161930,1707113207,2024-02-05T06:06:47+00:00,587,966318,30000000,0.0322106
10162080,1707113507,2024-02-05T06:11:47+00:00,591,4932310,30000000,0.16441033333333333
10162230,1707113807,2024-02-05T06:16:47+00:00,510,2100593,30000000,0.07001976666666666
10162380,1707114107,2024-02-05T06:21:47+00:00,500,1646437,30000000,0.054881233333333335
10162530,1707114407,2024-02-05T06:26:47+00:00,471,2871884,30000000,0.09572946666666667
10162680,1707114707,2024-02-05T06:31:47+00:00,460,1049877,30000000,0.0349959
10162830,1707115007,2024-02-05T06:36:47+00:00,459,1805514,30000000,0.0601838
10162980,1707115307,2024-02-05T06:41:47+00:00,440,2114587,30000000,0.07048623333333333
10163130,1707115607,2024-02-05T06:46:47+00:00,423,2119626,30000000,0.0706542
10163280,1707115907,2024-02-05T06:51:47+00:00,432,646444,30000000,0.021548133333333334
10163430,1707116207,2024-02-05T06:56:47+00:00,419,1437237,30000000,0.0479079
10163580,1707116507,2024-02-05T07:01:47+00:00,404,3627538,30000000,0.12091793333333334
10163730,1707116807,2024-02-05T07:06:47+00:00,391,10149046,30000000,0.33830153333333335
10163880,1707117107,2024-02-05T07:11:47+00:00,399,1894622,30000000,0.06315406666666666
10164030,1707117407,2024-02-05T07:16:47+00:00,378,2508966,30000000,0.0836322
10164180,1707117707,2024-02-05T07:21:47+00:00,395,1965099,30000000,0.0655033
10164330,1707118007,2024-02-05T07:26:47+00:00,403,2101763,30000000,0.07005876666666666
10164480,1707118307,2024-02-05T07:31:47+00:00,419,2186635,30000000,0.07288783333333333
10164630,1707118607,2024-02-05T07:36:47+00:00,466,1901516,30000000,0.06338386666666666
10164780,1707118907,2024-02-05T07:41:47+00:00,461,7781912,30000000,0.2593970666666667
10164930,1707119207,2024-02-05T07:46:47+00:00,454,2165526,30000000,0.0721842
10165080,1707119507,2024-02-05T07:51:47+00:00,425,2023461,30000000,0.0674487
10165230,1707119807,2024-02-05T07:56:47+00:00,406,1557893,30000000,0.05192976666666667
10165380,1707120107,2024-02-05T08:01:47+00:00,387,1135587,30000000,0.0378529
10165530,1707120407,2024-02-05T08:06:47+00:00,415,1946720,30000000,0.06489066666666667
10165680,1707120707,2024-02-05T08:11:47+00:00,423,2018084,30000000,0.06726946666666667
10165830,1707121007,2024-02-05T08:16:47+00:00,402,9783914,30000000,0.3261304666666667
10165895,1707121137,2024-02-05T08:18:57+00:00,397,1677156,30000000,0.0559052
